Workbook

Sheet Log
A1: Date/Time | B1: Glucose (mg/dL) | C1: Type | D1: Status | E1: Note
D2: =IF(OR($B2="",$C2=""),"",IF(AND($B2>=VLOOKUP($C2,Targets!$A$2:$C$5,2,FALSE()),$B2<=VLOOKUP($C2,Targets!$A$2:$C$5,3,FALSE())),"In range",IF($B2<VLOOKUP($C2,Targets!$A$2:$C$5,2,FALSE()),"Low","High")))
D3: =IF(OR($B3="",$C3=""),"",IF(AND($B3>=VLOOKUP($C3,Targets!$A$2:$C$5,2,FALSE()),$B3<=VLOOKUP($C3,Targets!$A$2:$C$5,3,FALSE())),"In range",IF($B3<VLOOKUP($C3,Targets!$A$2:$C$5,2,FALSE()),"Low","High")))
D4: =IF(OR($B4="",$C4=""),"",IF(AND($B4>=VLOOKUP($C4,Targets!$A$2:$C$5,2,FALSE()),$B4<=VLOOKUP($C4,Targets!$A$2:$C$5,3,FALSE())),"In range",IF($B4<VLOOKUP($C4,Targets!$A$2:$C$5,2,FALSE()),"Low","High")))
D5: =IF(OR($B5="",$C5=""),"",IF(AND($B5>=VLOOKUP($C5,Targets!$A$2:$C$5,2,FALSE()),$B5<=VLOOKUP($C5,Targets!$A$2:$C$5,3,FALSE())),"In range",IF($B5<VLOOKUP($C5,Targets!$A$2:$C$5,2,FALSE()),"Low","High")))
D6: =IF(OR($B6="",$C6=""),"",IF(AND($B6>=VLOOKUP($C6,Targets!$A$2:$C$5,2,FALSE()),$B6<=VLOOKUP($C6,Targets!$A$2:$C$5,3,FALSE())),"In range",IF($B6<VLOOKUP($C6,Targets!$A$2:$C$5,2,FALSE()),"Low","High")))
D7: =IF(OR($B7="",$C7=""),"",IF(AND($B7>=VLOOKUP($C7,Targets!$A$2:$C$5,2,FALSE()),$B7<=VLOOKUP($C7,Targets!$A$2:$C$5,3,FALSE())),"In range",IF($B7<VLOOKUP($C7,Targets!$A$2:$C$5,2,FALSE()),"Low","High")))
D8: =IF(OR($B8="",$C8=""),"",IF(AND($B8>=VLOOKUP($C8,Targets!$A$2:$C$5,2,FALSE()),$B8<=VLOOKUP($C8,Targets!$A$2:$C$5,3,FALSE())),"In range",IF($B8<VLOOKUP($C8,Targets!$A$2:$C$5,2,FALSE()),"Low","High")))
D9: =IF(OR($B9="",$C9=""),"",IF(AND($B9>=VLOOKUP($C9,Targets!$A$2:$C$5,2,FALSE()),$B9<=VLOOKUP($C9,Targets!$A$2:$C$5,3,FALSE())),"In range",IF($B9<VLOOKUP($C9,Targets!$A$2:$C$5,2,FALSE()),"Low","High")))
D10: =IF(OR($B10="",$C10=""),"",IF(AND($B10>=VLOOKUP($C10,Targets!$A$2:$C$5,2,FALSE()),$B10<=VLOOKUP($C10,Targets!$A$2:$C$5,3,FALSE())),"In range",IF($B10<VLOOKUP($C10,Targets!$A$2:$C$5,2,FALSE()),"Low","High")))
D11: =IF(OR($B11="",$C11=""),"",IF(AND($B11>=VLOOKUP($C11,Targets!$A$2:$C$5,2,FALSE()),$B11<=VLOOKUP($C11,Targets!$A$2:$C$5,3,FALSE())),"In range",IF($B11<VLOOKUP($C11,Targets!$A$2:$C$5,2,FALSE()),"Low","High")))
D12: =IF(OR($B12="",$C12=""),"",IF(AND($B12>=VLOOKUP($C12,Targets!$A$2:$C$5,2,FALSE()),$B12<=VLOOKUP($C12,Targets!$A$2:$C$5,3,FALSE())),"In range",IF($B12<VLOOKUP($C12,Targets!$A$2:$C$5,2,FALSE()),"Low","High")))
D13: =IF(OR($B13="",$C13=""),"",IF(AND($B13>=VLOOKUP($C13,Targets!$A$2:$C$5,2,FALSE()),$B13<=VLOOKUP($C13,Targets!$A$2:$C$5,3,FALSE())),"In range",IF($B13<VLOOKUP($C13,Targets!$A$2:$C$5,2,FALSE()),"Low","High")))
... D501: =IF(OR($B501="",$C501=""),"",IF(AND($B501>=VLOOKUP($C501,Targets!$A$2:$C$5,2,FALSE()),$B501<=VLOOKUP($C501,Targets!$A$2:$C$5,3,FALSE())),"In range",IF($B501<VLOOKUP($C501,Targets!$A$2:$C$5,2,FALSE()),"Low","High")))
A504: Example (delete or overwrite):
A505: 2026-09-09 07:15 | B505: 96 | C505: Fasting | D505: =IF(OR($B505="",$C505=""),"",IF(AND($B505>=VLOOKUP($C505,Targets!$A$2:$C$5,2,FALSE()),$B505<=VLOOKUP($C505,Targets!$A$2:$C$5,3,FALSE())),"In range",IF($B505<VLOOKUP($C505,Targets!$A$2:$C$5,2,FALSE()),"Low","High"))) -> In range | E505: Woke up feeling fine

Sheet Targets
A1: Type | B1: Low | C1: High
A2: Fasting | B2: 80 | C2: 130
A3: Post-meal | B3: 80 | C3: 180
A4: Random | B4: 80 | C4: 160
A5: Bedtime | B5: 90 | C5: 150
A7: Target ranges (mg/dL) match the reading types used on the Sugar Tracker web page.

Sheet Summary
A1: Blood Sugar Summary
A3: Total Readings | B3: =COUNTIF(Log!B2:B501,"<>") -> 0
A4: Average Glucose (mg/dL) | B4: =IFERROR(AVERAGE(Log!B2:B501),"")
A5: Estimated HbA1c (%) | B5: =IFERROR((B4+46.7)/28.7,"")
A6: % Readings In Range | B6: =IFERROR(COUNTIF(Log!D2:D501,"In range")/COUNTIF(Log!B2:B501,"<>"),"")
A7: Readings Below 70 mg/dL | B7: =COUNTIF(Log!B2:B501,"<70") -> 0
A9: Formulas mirror the Sugar Tracker web page: target ranges by reading type, and estimated HbA1c = (average + 46.7) / 28.7.
